{"inputUnits":[34],"outputUnits":4,"inputs":{"0":{"dtype":"number","min":253.4101742993069,"max":339.5400585367522},"1":{"dtype":"number","min":184.5728845262342,"max":225.3265262113935},"2":{"dtype":"number","min":271.3814998879043,"max":361.7903906083756},"3":{"dtype":"number","min":165.00919742806877,"max":202.2119772944469},"4":{"dtype":"number","min":240.0579743440977,"max":323.5174661480499},"5":{"dtype":"number","min":169.54520377667498,"max":204.3288858020352},"6":{"dtype":"number","min":302.60513127545903,"max":388.43943436322047},"7":{"dtype":"number","min":169.87639074659535,"max":213.78406925424065},"8":{"dtype":"number","min":213.69523935280887,"max":301.2972155619224},"9":{"dtype":"number","min":176.3098999498419,"max":222.27786053015564},"10":{"dtype":"number","min":338.8462241799915,"max":419.4299458900778},"11":{"dtype":"number","min":276.74631111352824,"max":305.5806402659138},"12":{"dtype":"number","min":190.41653644250061,"max":300.0774149022678},"13":{"dtype":"number","min":264.8417562640595,"max":308.6448710994498},"14":{"dtype":"number","min":245.49569096546693,"max":513.3005381187113},"15":{"dtype":"number","min":171.85691031964373,"max":459.9110572904001},"16":{"dtype":"number","min":80.08328897943757,"max":246.83114909012494},"17":{"dtype":"number","min":174.69002452805813,"max":437.09528600195506},"18":{"dtype":"number","min":143.69036366503528,"max":583.6815693777359},"19":{"dtype":"number","min":39.389515442607006,"max":538.36802916768},"20":{"dtype":"number","min":54.2589631433153,"max":234.8925006436003},"21":{"dtype":"number","min":18.418256113965228,"max":528.2691059038333},"22":{"dtype":"number","min":311.7950481014029,"max":436.79925020566714},"23":{"dtype":"number","min":496.00477166676797,"max":559.1670877182066},"24":{"dtype":"number","min":202.66922115815754,"max":320.4430456198607},"25":{"dtype":"number","min":483.29893060231484,"max":552.6613993960132},"26":{"dtype":"number","min":174.86977425066877,"max":444.9341253733357},"27":{"dtype":"number","min":449.5701415065662,"max":565.3777256828338},"28":{"dtype":"number","min":79.54983128647861,"max":322.0892515071171},"29":{"dtype":"number","min":492.88209195266904,"max":571.764072759606},"30":{"dtype":"number","min":145.3157666870592,"max":447.0194633276082},"31":{"dtype":"number","min":497.7375953763376,"max":567.3380062830587},"32":{"dtype":"number","min":73.58342686515837,"max":322.40352051731213},"33":{"dtype":"number","min":484.57003463567,"max":547.6285021592671}},"outputs":{"0":{"dtype":"string","min":0,"max":1,"uniqueValues":["a","b","c","d"],"legend":{"a":[1,0,0,0],"b":[0,1,0,0],"c":[0,0,1,0],"d":[0,0,0,1]}}},"isNormalized":true}